{
  "name": "回転式コンプレッサー",
  "icon": "compressedcreativity:rotational_compressor",
  "category": "pneumaticcraft:compressors",
  "advancement": "pneumaticcraft:pressure_tube",
  "pages": [
    {
      "type": "text",
      "text": "$(l:compressedcreativity:rotational_compressor)回転式コンプレッサー$()は、Createの回転動力を利用して、圧力を生成するコンプレッサーです。"
    },
    {
      "type": "crafting",
      "recipe": "compressedcreativity:crafting/rotational_compressor",
      "text": "$(item)回転式コンプレッサー$()の作成"
    }
  ]
}